{
    "eval_bleu": 34.4194,
    "eval_gen_len": 27.5259,
    "eval_loss": 1.0805256366729736,
    "eval_runtime": 641.6261,
    "eval_samples": 888,
    "eval_samples_per_second": 1.384,
    "eval_steps_per_second": 1.384,
    "predict_bleu": 33.2378,
    "predict_gen_len": 23.6094,
    "predict_loss": 1.1204328536987305,
    "predict_runtime": 5039.9191,
    "predict_samples": 8079,
    "predict_samples_per_second": 1.603,
    "predict_steps_per_second": 1.603
}